ntd_id,Agency,UZA Name,pre_vrm,mean_speed,treatment_column,treatment_definition,weight
50016,Central Ohio Transit Authority,"Columbus, OH",15290540.0,12.132274838677102,any_intersection,GeoJSON any policy-date route shape intersects CBD geofence,0.4202366906175671
60048,Capital Metropolitan Transportation Authority,"Austin, TX",20467320.0,11.121250941587036,any_intersection,GeoJSON any policy-date route shape intersects CBD geofence,0.35451590307108827
90045,Regional Transportation Commission of Southern Nevada,"Las Vegas--Henderson--Paradise, NV",26120165.0,12.430849249550063,any_intersection,GeoJSON any policy-date route shape intersects CBD geofence,0.10647366373028198
40035,Central Florida Regional Transportation Authority,"Orlando, FL",22750247.0,13.438463005820614,any_intersection,GeoJSON any policy-date route shape intersects CBD geofence,0.038396901466401505
90136,Regional Public Transportation Authority,"Phoenix--Mesa--Scottsdale, AZ",16927921.0,12.121770077555365,any_intersection,GeoJSON any policy-date route shape intersects CBD geofence,0.03659237965583794
30068,"Fairfax County, VA","Washington--Arlington, DC--VA--MD",15766721.0,13.398154383219193,any_intersection,GeoJSON any policy-date route shape intersects CBD geofence,0.02707452749265228
50012,Southwest Ohio Regional Transit Authority,"Cincinnati, OH--KY",16043391.0,13.542988647694752,any_intersection,GeoJSON any policy-date route shape intersects CBD geofence,0.016709933966171035
30030,Washington Metropolitan Area Transit Authority,"Washington--Arlington, DC--VA--MD",54734133.0,9.719217502587046,any_intersection,GeoJSON any policy-date route shape intersects CBD geofence,0.0
50066,Chicago Transit Authority,"Chicago, IL--IN",68740740.0,9.09251292194554,any_intersection,GeoJSON any policy-date route shape intersects CBD geofence,0.0
90154,Los Angeles County Metropolitan Transportation Authority ,"Los Angeles--Long Beach--Anaheim, CA",100590040.0,10.21734045540516,any_intersection,GeoJSON any policy-date route shape intersects CBD geofence,0.0
30019,Southeastern Pennsylvania Transportation Authority,"Philadelphia, PA--NJ--DE--MD",53796293.0,10.201183925896974,any_intersection,GeoJSON any policy-date route shape intersects CBD geofence,0.0
50113,"Pace, the Suburban Bus Division of the Regional Transportation Authority","Chicago, IL--IN",32947741.0,14.224484110284674,any_intersection,GeoJSON any policy-date route shape intersects CBD geofence,0.0
10003,Massachusetts Bay Transportation Authority,"Boston, MA--NH",31604920.0,9.215817669884162,any_intersection,GeoJSON any policy-date route shape intersects CBD geofence,0.0
00001,King County,"Seattle--Tacoma, WA",48252837.0,10.089906740845901,any_intersection,GeoJSON any policy-date route shape intersects CBD geofence,0.0
60008,"Metropolitan Transit Authority of Harris County, Texas ","Houston, TX",53085099.0,12.604594080734467,any_intersection,GeoJSON any policy-date route shape intersects CBD geofence,0.0
60056,Dallas Area Rapid Transit,"Dallas--Fort Worth--Arlington, TX",36116257.0,12.857683703671215,any_intersection,GeoJSON any policy-date route shape intersects CBD geofence,0.0
40034,County of Miami-Dade ,"Miami--Fort Lauderdale, FL",34637730.0,12.23177778743868,any_intersection,GeoJSON any policy-date route shape intersects CBD geofence,0.0
40022,Metropolitan Atlanta Rapid Transit Authority,"Atlanta, GA",34330773.0,12.736242340521027,any_intersection,GeoJSON any policy-date route shape intersects CBD geofence,0.0
80006,Denver Regional Transportation District,"Denver--Aurora, CO",36379016.0,12.006142276748882,any_intersection,GeoJSON any policy-date route shape intersects CBD geofence,0.0
90015,City and County of San Francisco,"San Francisco--Oakland, CA",26097706.0,7.240219011797229,any_intersection,GeoJSON any policy-date route shape intersects CBD geofence,0.0
90002,City and County of Honolulu,"Honolulu, HI",26194810.0,12.94341912933215,any_intersection,GeoJSON any policy-date route shape intersects CBD geofence,0.0
50027,Metro Transit ,"Minneapolis--St. Paul, MN",26308795.0,11.623967448336602,any_intersection,GeoJSON any policy-date route shape intersects CBD geofence,0.0
30022,Pittsburgh Regional Transit,"Pittsburgh, PA",26578229.0,12.520981576332847,any_intersection,GeoJSON any policy-date route shape intersects CBD geofence,0.0
00008,Tri-County Metropolitan Transportation District of Oregon,"Portland, OR--WA",29629888.0,10.963482710120111,any_intersection,GeoJSON any policy-date route shape intersects CBD geofence,0.0
90026,San Diego Metropolitan Transit System,"San Diego, CA",28949042.0,10.886349632206064,any_intersection,GeoJSON any policy-date route shape intersects CBD geofence,0.0
90036,Orange County Transportation Authority,"Los Angeles--Long Beach--Anaheim, CA",24057196.0,11.532211846522939,any_intersection,GeoJSON any policy-date route shape intersects CBD geofence,0.0
60011,VIA Metropolitan Transit,"San Antonio, TX",25482403.0,13.046072347118336,any_intersection,GeoJSON any policy-date route shape intersects CBD geofence,0.0
40029,Broward County Board of County Commissioners,"Miami--Fort Lauderdale, FL",20495932.0,12.245965924393385,any_intersection,GeoJSON any policy-date route shape intersects CBD geofence,0.0
90013,Santa Clara Valley Transportation Authority,"San Jose, CA",22578855.0,11.398281441374023,any_intersection,GeoJSON any policy-date route shape intersects CBD geofence,0.0
80001,Utah Transit Authority,"Salt Lake City, UT",23227097.0,12.111349086615643,any_intersection,GeoJSON any policy-date route shape intersects CBD geofence,0.0
50008,Milwaukee County,"Milwaukee, WI",23263737.0,12.564448236536224,any_intersection,GeoJSON any policy-date route shape intersects CBD geofence,0.0
90014,Alameda-Contra Costa Transit District,"San Francisco--Oakland, CA",24848623.0,9.984272496038399,any_intersection,GeoJSON any policy-date route shape intersects CBD geofence,0.0
50015,The Greater Cleveland Regional Transit Authority,"Cleveland, OH",19476898.0,12.302248147160721,any_intersection,GeoJSON any policy-date route shape intersects CBD geofence,0.0
70006,Bi-State Development Agency of the Missouri-Illinois Metropolitan District,"St. Louis, MO--IL",17600213.0,13.64626142940746,any_intersection,GeoJSON any policy-date route shape intersects CBD geofence,0.0
90146,Foothill Transit,"Los Angeles--Long Beach--Anaheim, CA",16553173.0,13.910516553865463,any_intersection,GeoJSON any policy-date route shape intersects CBD geofence,0.0
50016,Central Ohio Transit Authority,"Columbus, OH",15290540.0,12.132274838677102,max_share_ge_05pct,GeoJSON max shape share in CBD >= 5%,0.43085484223161297
60048,Capital Metropolitan Transportation Authority,"Austin, TX",20467320.0,11.121250941587036,max_share_ge_05pct,GeoJSON max shape share in CBD >= 5%,0.24082705106235486
90045,Regional Transportation Commission of Southern Nevada,"Las Vegas--Henderson--Paradise, NV",26120165.0,12.430849249550063,max_share_ge_05pct,GeoJSON max shape share in CBD >= 5%,0.17867553897086302
30068,"Fairfax County, VA","Washington--Arlington, DC--VA--MD",15766721.0,13.398154383219193,max_share_ge_05pct,GeoJSON max shape share in CBD >= 5%,0.06019080955621389
90136,Regional Public Transportation Authority,"Phoenix--Mesa--Scottsdale, AZ",16927921.0,12.121770077555365,max_share_ge_05pct,GeoJSON max shape share in CBD >= 5%,0.041293776100850686
40035,Central Florida Regional Transportation Authority,"Orlando, FL",22750247.0,13.438463005820614,max_share_ge_05pct,GeoJSON max shape share in CBD >= 5%,0.03312490513706374
50012,Southwest Ohio Regional Transit Authority,"Cincinnati, OH--KY",16043391.0,13.542988647694752,max_share_ge_05pct,GeoJSON max shape share in CBD >= 5%,0.0150330769410409
30030,Washington Metropolitan Area Transit Authority,"Washington--Arlington, DC--VA--MD",54734133.0,9.719217502587046,max_share_ge_05pct,GeoJSON max shape share in CBD >= 5%,0.0
50066,Chicago Transit Authority,"Chicago, IL--IN",68740740.0,9.09251292194554,max_share_ge_05pct,GeoJSON max shape share in CBD >= 5%,0.0
90154,Los Angeles County Metropolitan Transportation Authority ,"Los Angeles--Long Beach--Anaheim, CA",100590040.0,10.21734045540516,max_share_ge_05pct,GeoJSON max shape share in CBD >= 5%,0.0
30019,Southeastern Pennsylvania Transportation Authority,"Philadelphia, PA--NJ--DE--MD",53796293.0,10.201183925896974,max_share_ge_05pct,GeoJSON max shape share in CBD >= 5%,0.0
50113,"Pace, the Suburban Bus Division of the Regional Transportation Authority","Chicago, IL--IN",32947741.0,14.224484110284674,max_share_ge_05pct,GeoJSON max shape share in CBD >= 5%,0.0
10003,Massachusetts Bay Transportation Authority,"Boston, MA--NH",31604920.0,9.215817669884162,max_share_ge_05pct,GeoJSON max shape share in CBD >= 5%,0.0
00001,King County,"Seattle--Tacoma, WA",48252837.0,10.089906740845901,max_share_ge_05pct,GeoJSON max shape share in CBD >= 5%,0.0
60008,"Metropolitan Transit Authority of Harris County, Texas ","Houston, TX",53085099.0,12.604594080734467,max_share_ge_05pct,GeoJSON max shape share in CBD >= 5%,0.0
60056,Dallas Area Rapid Transit,"Dallas--Fort Worth--Arlington, TX",36116257.0,12.857683703671215,max_share_ge_05pct,GeoJSON max shape share in CBD >= 5%,0.0
40034,County of Miami-Dade ,"Miami--Fort Lauderdale, FL",34637730.0,12.23177778743868,max_share_ge_05pct,GeoJSON max shape share in CBD >= 5%,0.0
40022,Metropolitan Atlanta Rapid Transit Authority,"Atlanta, GA",34330773.0,12.736242340521027,max_share_ge_05pct,GeoJSON max shape share in CBD >= 5%,0.0
80006,Denver Regional Transportation District,"Denver--Aurora, CO",36379016.0,12.006142276748882,max_share_ge_05pct,GeoJSON max shape share in CBD >= 5%,0.0
90015,City and County of San Francisco,"San Francisco--Oakland, CA",26097706.0,7.240219011797229,max_share_ge_05pct,GeoJSON max shape share in CBD >= 5%,0.0
90002,City and County of Honolulu,"Honolulu, HI",26194810.0,12.94341912933215,max_share_ge_05pct,GeoJSON max shape share in CBD >= 5%,0.0
50027,Metro Transit ,"Minneapolis--St. Paul, MN",26308795.0,11.623967448336602,max_share_ge_05pct,GeoJSON max shape share in CBD >= 5%,0.0
30022,Pittsburgh Regional Transit,"Pittsburgh, PA",26578229.0,12.520981576332847,max_share_ge_05pct,GeoJSON max shape share in CBD >= 5%,0.0
00008,Tri-County Metropolitan Transportation District of Oregon,"Portland, OR--WA",29629888.0,10.963482710120111,max_share_ge_05pct,GeoJSON max shape share in CBD >= 5%,0.0
90026,San Diego Metropolitan Transit System,"San Diego, CA",28949042.0,10.886349632206064,max_share_ge_05pct,GeoJSON max shape share in CBD >= 5%,0.0
90036,Orange County Transportation Authority,"Los Angeles--Long Beach--Anaheim, CA",24057196.0,11.532211846522939,max_share_ge_05pct,GeoJSON max shape share in CBD >= 5%,0.0
60011,VIA Metropolitan Transit,"San Antonio, TX",25482403.0,13.046072347118336,max_share_ge_05pct,GeoJSON max shape share in CBD >= 5%,0.0
40029,Broward County Board of County Commissioners,"Miami--Fort Lauderdale, FL",20495932.0,12.245965924393385,max_share_ge_05pct,GeoJSON max shape share in CBD >= 5%,0.0
90013,Santa Clara Valley Transportation Authority,"San Jose, CA",22578855.0,11.398281441374023,max_share_ge_05pct,GeoJSON max shape share in CBD >= 5%,0.0
80001,Utah Transit Authority,"Salt Lake City, UT",23227097.0,12.111349086615643,max_share_ge_05pct,GeoJSON max shape share in CBD >= 5%,0.0
50008,Milwaukee County,"Milwaukee, WI",23263737.0,12.564448236536224,max_share_ge_05pct,GeoJSON max shape share in CBD >= 5%,0.0
90014,Alameda-Contra Costa Transit District,"San Francisco--Oakland, CA",24848623.0,9.984272496038399,max_share_ge_05pct,GeoJSON max shape share in CBD >= 5%,0.0
50015,The Greater Cleveland Regional Transit Authority,"Cleveland, OH",19476898.0,12.302248147160721,max_share_ge_05pct,GeoJSON max shape share in CBD >= 5%,0.0
70006,Bi-State Development Agency of the Missouri-Illinois Metropolitan District,"St. Louis, MO--IL",17600213.0,13.64626142940746,max_share_ge_05pct,GeoJSON max shape share in CBD >= 5%,0.0
90146,Foothill Transit,"Los Angeles--Long Beach--Anaheim, CA",16553173.0,13.910516553865463,max_share_ge_05pct,GeoJSON max shape share in CBD >= 5%,0.0
50016,Central Ohio Transit Authority,"Columbus, OH",15290540.0,12.132274838677102,max_share_ge_10pct,GeoJSON max shape share in CBD >= 10%,0.41312839191823486
60048,Capital Metropolitan Transportation Authority,"Austin, TX",20467320.0,11.121250941587036,max_share_ge_10pct,GeoJSON max shape share in CBD >= 10%,0.24472768771226644
90045,Regional Transportation Commission of Southern Nevada,"Las Vegas--Henderson--Paradise, NV",26120165.0,12.430849249550063,max_share_ge_10pct,GeoJSON max shape share in CBD >= 10%,0.18869888846346466
30068,"Fairfax County, VA","Washington--Arlington, DC--VA--MD",15766721.0,13.398154383219193,max_share_ge_10pct,GeoJSON max shape share in CBD >= 10%,0.06369786510890486
90136,Regional Public Transportation Authority,"Phoenix--Mesa--Scottsdale, AZ",16927921.0,12.121770077555365,max_share_ge_10pct,GeoJSON max shape share in CBD >= 10%,0.037883270105763
40035,Central Florida Regional Transportation Authority,"Orlando, FL",22750247.0,13.438463005820614,max_share_ge_10pct,GeoJSON max shape share in CBD >= 10%,0.0326765745259987
50012,Southwest Ohio Regional Transit Authority,"Cincinnati, OH--KY",16043391.0,13.542988647694752,max_share_ge_10pct,GeoJSON max shape share in CBD >= 10%,0.019187322165367407
30030,Washington Metropolitan Area Transit Authority,"Washington--Arlington, DC--VA--MD",54734133.0,9.719217502587046,max_share_ge_10pct,GeoJSON max shape share in CBD >= 10%,0.0
50066,Chicago Transit Authority,"Chicago, IL--IN",68740740.0,9.09251292194554,max_share_ge_10pct,GeoJSON max shape share in CBD >= 10%,0.0
90154,Los Angeles County Metropolitan Transportation Authority ,"Los Angeles--Long Beach--Anaheim, CA",100590040.0,10.21734045540516,max_share_ge_10pct,GeoJSON max shape share in CBD >= 10%,0.0
30019,Southeastern Pennsylvania Transportation Authority,"Philadelphia, PA--NJ--DE--MD",53796293.0,10.201183925896974,max_share_ge_10pct,GeoJSON max shape share in CBD >= 10%,0.0
50113,"Pace, the Suburban Bus Division of the Regional Transportation Authority","Chicago, IL--IN",32947741.0,14.224484110284674,max_share_ge_10pct,GeoJSON max shape share in CBD >= 10%,0.0
10003,Massachusetts Bay Transportation Authority,"Boston, MA--NH",31604920.0,9.215817669884162,max_share_ge_10pct,GeoJSON max shape share in CBD >= 10%,0.0
00001,King County,"Seattle--Tacoma, WA",48252837.0,10.089906740845901,max_share_ge_10pct,GeoJSON max shape share in CBD >= 10%,0.0
60008,"Metropolitan Transit Authority of Harris County, Texas ","Houston, TX",53085099.0,12.604594080734467,max_share_ge_10pct,GeoJSON max shape share in CBD >= 10%,0.0
60056,Dallas Area Rapid Transit,"Dallas--Fort Worth--Arlington, TX",36116257.0,12.857683703671215,max_share_ge_10pct,GeoJSON max shape share in CBD >= 10%,0.0
40034,County of Miami-Dade ,"Miami--Fort Lauderdale, FL",34637730.0,12.23177778743868,max_share_ge_10pct,GeoJSON max shape share in CBD >= 10%,0.0
40022,Metropolitan Atlanta Rapid Transit Authority,"Atlanta, GA",34330773.0,12.736242340521027,max_share_ge_10pct,GeoJSON max shape share in CBD >= 10%,0.0
80006,Denver Regional Transportation District,"Denver--Aurora, CO",36379016.0,12.006142276748882,max_share_ge_10pct,GeoJSON max shape share in CBD >= 10%,0.0
90015,City and County of San Francisco,"San Francisco--Oakland, CA",26097706.0,7.240219011797229,max_share_ge_10pct,GeoJSON max shape share in CBD >= 10%,0.0
90002,City and County of Honolulu,"Honolulu, HI",26194810.0,12.94341912933215,max_share_ge_10pct,GeoJSON max shape share in CBD >= 10%,0.0
50027,Metro Transit ,"Minneapolis--St. Paul, MN",26308795.0,11.623967448336602,max_share_ge_10pct,GeoJSON max shape share in CBD >= 10%,0.0
30022,Pittsburgh Regional Transit,"Pittsburgh, PA",26578229.0,12.520981576332847,max_share_ge_10pct,GeoJSON max shape share in CBD >= 10%,0.0
00008,Tri-County Metropolitan Transportation District of Oregon,"Portland, OR--WA",29629888.0,10.963482710120111,max_share_ge_10pct,GeoJSON max shape share in CBD >= 10%,0.0
90026,San Diego Metropolitan Transit System,"San Diego, CA",28949042.0,10.886349632206064,max_share_ge_10pct,GeoJSON max shape share in CBD >= 10%,0.0
90036,Orange County Transportation Authority,"Los Angeles--Long Beach--Anaheim, CA",24057196.0,11.532211846522939,max_share_ge_10pct,GeoJSON max shape share in CBD >= 10%,0.0
60011,VIA Metropolitan Transit,"San Antonio, TX",25482403.0,13.046072347118336,max_share_ge_10pct,GeoJSON max shape share in CBD >= 10%,0.0
40029,Broward County Board of County Commissioners,"Miami--Fort Lauderdale, FL",20495932.0,12.245965924393385,max_share_ge_10pct,GeoJSON max shape share in CBD >= 10%,0.0
90013,Santa Clara Valley Transportation Authority,"San Jose, CA",22578855.0,11.398281441374023,max_share_ge_10pct,GeoJSON max shape share in CBD >= 10%,0.0
80001,Utah Transit Authority,"Salt Lake City, UT",23227097.0,12.111349086615643,max_share_ge_10pct,GeoJSON max shape share in CBD >= 10%,0.0
50008,Milwaukee County,"Milwaukee, WI",23263737.0,12.564448236536224,max_share_ge_10pct,GeoJSON max shape share in CBD >= 10%,0.0
90014,Alameda-Contra Costa Transit District,"San Francisco--Oakland, CA",24848623.0,9.984272496038399,max_share_ge_10pct,GeoJSON max shape share in CBD >= 10%,0.0
50015,The Greater Cleveland Regional Transit Authority,"Cleveland, OH",19476898.0,12.302248147160721,max_share_ge_10pct,GeoJSON max shape share in CBD >= 10%,0.0
70006,Bi-State Development Agency of the Missouri-Illinois Metropolitan District,"St. Louis, MO--IL",17600213.0,13.64626142940746,max_share_ge_10pct,GeoJSON max shape share in CBD >= 10%,0.0
90146,Foothill Transit,"Los Angeles--Long Beach--Anaheim, CA",16553173.0,13.910516553865463,max_share_ge_10pct,GeoJSON max shape share in CBD >= 10%,0.0
60048,Capital Metropolitan Transportation Authority,"Austin, TX",20467320.0,11.121250941587036,max_share_ge_25pct,GeoJSON max shape share in CBD >= 25%,0.531305443560764
50016,Central Ohio Transit Authority,"Columbus, OH",15290540.0,12.132274838677102,max_share_ge_25pct,GeoJSON max shape share in CBD >= 25%,0.26399001621961077
90045,Regional Transportation Commission of Southern Nevada,"Las Vegas--Henderson--Paradise, NV",26120165.0,12.430849249550063,max_share_ge_25pct,GeoJSON max shape share in CBD >= 25%,0.07592617576055609
40035,Central Florida Regional Transportation Authority,"Orlando, FL",22750247.0,13.438463005820614,max_share_ge_25pct,GeoJSON max shape share in CBD >= 25%,0.039432479877537584
50012,Southwest Ohio Regional Transit Authority,"Cincinnati, OH--KY",16043391.0,13.542988647694752,max_share_ge_25pct,GeoJSON max shape share in CBD >= 25%,0.03616038354290333
90136,Regional Public Transportation Authority,"Phoenix--Mesa--Scottsdale, AZ",16927921.0,12.121770077555365,max_share_ge_25pct,GeoJSON max shape share in CBD >= 25%,0.031248588229174375
30068,"Fairfax County, VA","Washington--Arlington, DC--VA--MD",15766721.0,13.398154383219193,max_share_ge_25pct,GeoJSON max shape share in CBD >= 25%,0.02193691280945392
30030,Washington Metropolitan Area Transit Authority,"Washington--Arlington, DC--VA--MD",54734133.0,9.719217502587046,max_share_ge_25pct,GeoJSON max shape share in CBD >= 25%,0.0
50066,Chicago Transit Authority,"Chicago, IL--IN",68740740.0,9.09251292194554,max_share_ge_25pct,GeoJSON max shape share in CBD >= 25%,0.0
90154,Los Angeles County Metropolitan Transportation Authority ,"Los Angeles--Long Beach--Anaheim, CA",100590040.0,10.21734045540516,max_share_ge_25pct,GeoJSON max shape share in CBD >= 25%,0.0
30019,Southeastern Pennsylvania Transportation Authority,"Philadelphia, PA--NJ--DE--MD",53796293.0,10.201183925896974,max_share_ge_25pct,GeoJSON max shape share in CBD >= 25%,0.0
50113,"Pace, the Suburban Bus Division of the Regional Transportation Authority","Chicago, IL--IN",32947741.0,14.224484110284674,max_share_ge_25pct,GeoJSON max shape share in CBD >= 25%,0.0
10003,Massachusetts Bay Transportation Authority,"Boston, MA--NH",31604920.0,9.215817669884162,max_share_ge_25pct,GeoJSON max shape share in CBD >= 25%,0.0
00001,King County,"Seattle--Tacoma, WA",48252837.0,10.089906740845901,max_share_ge_25pct,GeoJSON max shape share in CBD >= 25%,0.0
60008,"Metropolitan Transit Authority of Harris County, Texas ","Houston, TX",53085099.0,12.604594080734467,max_share_ge_25pct,GeoJSON max shape share in CBD >= 25%,0.0
60056,Dallas Area Rapid Transit,"Dallas--Fort Worth--Arlington, TX",36116257.0,12.857683703671215,max_share_ge_25pct,GeoJSON max shape share in CBD >= 25%,0.0
40034,County of Miami-Dade ,"Miami--Fort Lauderdale, FL",34637730.0,12.23177778743868,max_share_ge_25pct,GeoJSON max shape share in CBD >= 25%,0.0
40022,Metropolitan Atlanta Rapid Transit Authority,"Atlanta, GA",34330773.0,12.736242340521027,max_share_ge_25pct,GeoJSON max shape share in CBD >= 25%,0.0
80006,Denver Regional Transportation District,"Denver--Aurora, CO",36379016.0,12.006142276748882,max_share_ge_25pct,GeoJSON max shape share in CBD >= 25%,0.0
90015,City and County of San Francisco,"San Francisco--Oakland, CA",26097706.0,7.240219011797229,max_share_ge_25pct,GeoJSON max shape share in CBD >= 25%,0.0
90002,City and County of Honolulu,"Honolulu, HI",26194810.0,12.94341912933215,max_share_ge_25pct,GeoJSON max shape share in CBD >= 25%,0.0
50027,Metro Transit ,"Minneapolis--St. Paul, MN",26308795.0,11.623967448336602,max_share_ge_25pct,GeoJSON max shape share in CBD >= 25%,0.0
30022,Pittsburgh Regional Transit,"Pittsburgh, PA",26578229.0,12.520981576332847,max_share_ge_25pct,GeoJSON max shape share in CBD >= 25%,0.0
00008,Tri-County Metropolitan Transportation District of Oregon,"Portland, OR--WA",29629888.0,10.963482710120111,max_share_ge_25pct,GeoJSON max shape share in CBD >= 25%,0.0
90026,San Diego Metropolitan Transit System,"San Diego, CA",28949042.0,10.886349632206064,max_share_ge_25pct,GeoJSON max shape share in CBD >= 25%,0.0
90036,Orange County Transportation Authority,"Los Angeles--Long Beach--Anaheim, CA",24057196.0,11.532211846522939,max_share_ge_25pct,GeoJSON max shape share in CBD >= 25%,0.0
60011,VIA Metropolitan Transit,"San Antonio, TX",25482403.0,13.046072347118336,max_share_ge_25pct,GeoJSON max shape share in CBD >= 25%,0.0
40029,Broward County Board of County Commissioners,"Miami--Fort Lauderdale, FL",20495932.0,12.245965924393385,max_share_ge_25pct,GeoJSON max shape share in CBD >= 25%,0.0
90013,Santa Clara Valley Transportation Authority,"San Jose, CA",22578855.0,11.398281441374023,max_share_ge_25pct,GeoJSON max shape share in CBD >= 25%,0.0
80001,Utah Transit Authority,"Salt Lake City, UT",23227097.0,12.111349086615643,max_share_ge_25pct,GeoJSON max shape share in CBD >= 25%,0.0
50008,Milwaukee County,"Milwaukee, WI",23263737.0,12.564448236536224,max_share_ge_25pct,GeoJSON max shape share in CBD >= 25%,0.0
90014,Alameda-Contra Costa Transit District,"San Francisco--Oakland, CA",24848623.0,9.984272496038399,max_share_ge_25pct,GeoJSON max shape share in CBD >= 25%,0.0
50015,The Greater Cleveland Regional Transit Authority,"Cleveland, OH",19476898.0,12.302248147160721,max_share_ge_25pct,GeoJSON max shape share in CBD >= 25%,0.0
70006,Bi-State Development Agency of the Missouri-Illinois Metropolitan District,"St. Louis, MO--IL",17600213.0,13.64626142940746,max_share_ge_25pct,GeoJSON max shape share in CBD >= 25%,0.0
90146,Foothill Transit,"Los Angeles--Long Beach--Anaheim, CA",16553173.0,13.910516553865463,max_share_ge_25pct,GeoJSON max shape share in CBD >= 25%,0.0
60048,Capital Metropolitan Transportation Authority,"Austin, TX",20467320.0,11.121250941587036,max_share_ge_50pct,GeoJSON max shape share in CBD >= 50%,0.511468173013579
50016,Central Ohio Transit Authority,"Columbus, OH",15290540.0,12.132274838677102,max_share_ge_50pct,GeoJSON max shape share in CBD >= 50%,0.22287392054684313
80001,Utah Transit Authority,"Salt Lake City, UT",23227097.0,12.111349086615643,max_share_ge_50pct,GeoJSON max shape share in CBD >= 50%,0.08432420047033572
30068,"Fairfax County, VA","Washington--Arlington, DC--VA--MD",15766721.0,13.398154383219193,max_share_ge_50pct,GeoJSON max shape share in CBD >= 50%,0.058104169151358444
40035,Central Florida Regional Transportation Authority,"Orlando, FL",22750247.0,13.438463005820614,max_share_ge_50pct,GeoJSON max shape share in CBD >= 50%,0.042322807410054175
50012,Southwest Ohio Regional Transit Authority,"Cincinnati, OH--KY",16043391.0,13.542988647694752,max_share_ge_50pct,GeoJSON max shape share in CBD >= 50%,0.03721245126221148
90136,Regional Public Transportation Authority,"Phoenix--Mesa--Scottsdale, AZ",16927921.0,12.121770077555365,max_share_ge_50pct,GeoJSON max shape share in CBD >= 50%,0.03153819959615725
10003,Massachusetts Bay Transportation Authority,"Boston, MA--NH",31604920.0,9.215817669884162,max_share_ge_50pct,GeoJSON max shape share in CBD >= 50%,0.012156078549460823
30030,Washington Metropolitan Area Transit Authority,"Washington--Arlington, DC--VA--MD",54734133.0,9.719217502587046,max_share_ge_50pct,GeoJSON max shape share in CBD >= 50%,0.0
90154,Los Angeles County Metropolitan Transportation Authority ,"Los Angeles--Long Beach--Anaheim, CA",100590040.0,10.21734045540516,max_share_ge_50pct,GeoJSON max shape share in CBD >= 50%,0.0
50066,Chicago Transit Authority,"Chicago, IL--IN",68740740.0,9.09251292194554,max_share_ge_50pct,GeoJSON max shape share in CBD >= 50%,0.0
50113,"Pace, the Suburban Bus Division of the Regional Transportation Authority","Chicago, IL--IN",32947741.0,14.224484110284674,max_share_ge_50pct,GeoJSON max shape share in CBD >= 50%,0.0
30019,Southeastern Pennsylvania Transportation Authority,"Philadelphia, PA--NJ--DE--MD",53796293.0,10.201183925896974,max_share_ge_50pct,GeoJSON max shape share in CBD >= 50%,0.0
00001,King County,"Seattle--Tacoma, WA",48252837.0,10.089906740845901,max_share_ge_50pct,GeoJSON max shape share in CBD >= 50%,0.0
60008,"Metropolitan Transit Authority of Harris County, Texas ","Houston, TX",53085099.0,12.604594080734467,max_share_ge_50pct,GeoJSON max shape share in CBD >= 50%,0.0
60056,Dallas Area Rapid Transit,"Dallas--Fort Worth--Arlington, TX",36116257.0,12.857683703671215,max_share_ge_50pct,GeoJSON max shape share in CBD >= 50%,0.0
40034,County of Miami-Dade ,"Miami--Fort Lauderdale, FL",34637730.0,12.23177778743868,max_share_ge_50pct,GeoJSON max shape share in CBD >= 50%,0.0
40022,Metropolitan Atlanta Rapid Transit Authority,"Atlanta, GA",34330773.0,12.736242340521027,max_share_ge_50pct,GeoJSON max shape share in CBD >= 50%,0.0
80006,Denver Regional Transportation District,"Denver--Aurora, CO",36379016.0,12.006142276748882,max_share_ge_50pct,GeoJSON max shape share in CBD >= 50%,0.0
90015,City and County of San Francisco,"San Francisco--Oakland, CA",26097706.0,7.240219011797229,max_share_ge_50pct,GeoJSON max shape share in CBD >= 50%,0.0
90045,Regional Transportation Commission of Southern Nevada,"Las Vegas--Henderson--Paradise, NV",26120165.0,12.430849249550063,max_share_ge_50pct,GeoJSON max shape share in CBD >= 50%,0.0
90002,City and County of Honolulu,"Honolulu, HI",26194810.0,12.94341912933215,max_share_ge_50pct,GeoJSON max shape share in CBD >= 50%,0.0
50027,Metro Transit ,"Minneapolis--St. Paul, MN",26308795.0,11.623967448336602,max_share_ge_50pct,GeoJSON max shape share in CBD >= 50%,0.0
30022,Pittsburgh Regional Transit,"Pittsburgh, PA",26578229.0,12.520981576332847,max_share_ge_50pct,GeoJSON max shape share in CBD >= 50%,0.0
90026,San Diego Metropolitan Transit System,"San Diego, CA",28949042.0,10.886349632206064,max_share_ge_50pct,GeoJSON max shape share in CBD >= 50%,0.0
00008,Tri-County Metropolitan Transportation District of Oregon,"Portland, OR--WA",29629888.0,10.963482710120111,max_share_ge_50pct,GeoJSON max shape share in CBD >= 50%,0.0
60011,VIA Metropolitan Transit,"San Antonio, TX",25482403.0,13.046072347118336,max_share_ge_50pct,GeoJSON max shape share in CBD >= 50%,0.0
40029,Broward County Board of County Commissioners,"Miami--Fort Lauderdale, FL",20495932.0,12.245965924393385,max_share_ge_50pct,GeoJSON max shape share in CBD >= 50%,0.0
90013,Santa Clara Valley Transportation Authority,"San Jose, CA",22578855.0,11.398281441374023,max_share_ge_50pct,GeoJSON max shape share in CBD >= 50%,0.0
90036,Orange County Transportation Authority,"Los Angeles--Long Beach--Anaheim, CA",24057196.0,11.532211846522939,max_share_ge_50pct,GeoJSON max shape share in CBD >= 50%,0.0
50008,Milwaukee County,"Milwaukee, WI",23263737.0,12.564448236536224,max_share_ge_50pct,GeoJSON max shape share in CBD >= 50%,0.0
90014,Alameda-Contra Costa Transit District,"San Francisco--Oakland, CA",24848623.0,9.984272496038399,max_share_ge_50pct,GeoJSON max shape share in CBD >= 50%,0.0
50015,The Greater Cleveland Regional Transit Authority,"Cleveland, OH",19476898.0,12.302248147160721,max_share_ge_50pct,GeoJSON max shape share in CBD >= 50%,0.0
70006,Bi-State Development Agency of the Missouri-Illinois Metropolitan District,"St. Louis, MO--IL",17600213.0,13.64626142940746,max_share_ge_50pct,GeoJSON max shape share in CBD >= 50%,0.0
90146,Foothill Transit,"Los Angeles--Long Beach--Anaheim, CA",16553173.0,13.910516553865463,max_share_ge_50pct,GeoJSON max shape share in CBD >= 50%,0.0
60048,Capital Metropolitan Transportation Authority,"Austin, TX",20467320.0,11.121250941587036,max_share_ge_80pct,GeoJSON max shape share in CBD >= 80%,0.46113883742621053
50016,Central Ohio Transit Authority,"Columbus, OH",15290540.0,12.132274838677102,max_share_ge_80pct,GeoJSON max shape share in CBD >= 80%,0.19599964164906677
80001,Utah Transit Authority,"Salt Lake City, UT",23227097.0,12.111349086615643,max_share_ge_80pct,GeoJSON max shape share in CBD >= 80%,0.09671521807444247
90136,Regional Public Transportation Authority,"Phoenix--Mesa--Scottsdale, AZ",16927921.0,12.121770077555365,max_share_ge_80pct,GeoJSON max shape share in CBD >= 80%,0.0693633017082153
90045,Regional Transportation Commission of Southern Nevada,"Las Vegas--Henderson--Paradise, NV",26120165.0,12.430849249550063,max_share_ge_80pct,GeoJSON max shape share in CBD >= 80%,0.06816852856989136
30068,"Fairfax County, VA","Washington--Arlington, DC--VA--MD",15766721.0,13.398154383219193,max_share_ge_80pct,GeoJSON max shape share in CBD >= 80%,0.06757356146318741
50012,Southwest Ohio Regional Transit Authority,"Cincinnati, OH--KY",16043391.0,13.542988647694752,max_share_ge_80pct,GeoJSON max shape share in CBD >= 80%,0.0313638130365348
40035,Central Florida Regional Transportation Authority,"Orlando, FL",22750247.0,13.438463005820614,max_share_ge_80pct,GeoJSON max shape share in CBD >= 80%,0.009677098072451408
30030,Washington Metropolitan Area Transit Authority,"Washington--Arlington, DC--VA--MD",54734133.0,9.719217502587046,max_share_ge_80pct,GeoJSON max shape share in CBD >= 80%,0.0
90154,Los Angeles County Metropolitan Transportation Authority ,"Los Angeles--Long Beach--Anaheim, CA",100590040.0,10.21734045540516,max_share_ge_80pct,GeoJSON max shape share in CBD >= 80%,0.0
50066,Chicago Transit Authority,"Chicago, IL--IN",68740740.0,9.09251292194554,max_share_ge_80pct,GeoJSON max shape share in CBD >= 80%,0.0
50113,"Pace, the Suburban Bus Division of the Regional Transportation Authority","Chicago, IL--IN",32947741.0,14.224484110284674,max_share_ge_80pct,GeoJSON max shape share in CBD >= 80%,0.0
30019,Southeastern Pennsylvania Transportation Authority,"Philadelphia, PA--NJ--DE--MD",53796293.0,10.201183925896974,max_share_ge_80pct,GeoJSON max shape share in CBD >= 80%,0.0
00001,King County,"Seattle--Tacoma, WA",48252837.0,10.089906740845901,max_share_ge_80pct,GeoJSON max shape share in CBD >= 80%,0.0
60008,"Metropolitan Transit Authority of Harris County, Texas ","Houston, TX",53085099.0,12.604594080734467,max_share_ge_80pct,GeoJSON max shape share in CBD >= 80%,0.0
60056,Dallas Area Rapid Transit,"Dallas--Fort Worth--Arlington, TX",36116257.0,12.857683703671215,max_share_ge_80pct,GeoJSON max shape share in CBD >= 80%,0.0
40034,County of Miami-Dade ,"Miami--Fort Lauderdale, FL",34637730.0,12.23177778743868,max_share_ge_80pct,GeoJSON max shape share in CBD >= 80%,0.0
40022,Metropolitan Atlanta Rapid Transit Authority,"Atlanta, GA",34330773.0,12.736242340521027,max_share_ge_80pct,GeoJSON max shape share in CBD >= 80%,0.0
80006,Denver Regional Transportation District,"Denver--Aurora, CO",36379016.0,12.006142276748882,max_share_ge_80pct,GeoJSON max shape share in CBD >= 80%,0.0
90015,City and County of San Francisco,"San Francisco--Oakland, CA",26097706.0,7.240219011797229,max_share_ge_80pct,GeoJSON max shape share in CBD >= 80%,0.0
90002,City and County of Honolulu,"Honolulu, HI",26194810.0,12.94341912933215,max_share_ge_80pct,GeoJSON max shape share in CBD >= 80%,0.0
50027,Metro Transit ,"Minneapolis--St. Paul, MN",26308795.0,11.623967448336602,max_share_ge_80pct,GeoJSON max shape share in CBD >= 80%,0.0
30022,Pittsburgh Regional Transit,"Pittsburgh, PA",26578229.0,12.520981576332847,max_share_ge_80pct,GeoJSON max shape share in CBD >= 80%,0.0
00008,Tri-County Metropolitan Transportation District of Oregon,"Portland, OR--WA",29629888.0,10.963482710120111,max_share_ge_80pct,GeoJSON max shape share in CBD >= 80%,0.0
90026,San Diego Metropolitan Transit System,"San Diego, CA",28949042.0,10.886349632206064,max_share_ge_80pct,GeoJSON max shape share in CBD >= 80%,0.0
10003,Massachusetts Bay Transportation Authority,"Boston, MA--NH",31604920.0,9.215817669884162,max_share_ge_80pct,GeoJSON max shape share in CBD >= 80%,0.0
60011,VIA Metropolitan Transit,"San Antonio, TX",25482403.0,13.046072347118336,max_share_ge_80pct,GeoJSON max shape share in CBD >= 80%,0.0
40029,Broward County Board of County Commissioners,"Miami--Fort Lauderdale, FL",20495932.0,12.245965924393385,max_share_ge_80pct,GeoJSON max shape share in CBD >= 80%,0.0
90013,Santa Clara Valley Transportation Authority,"San Jose, CA",22578855.0,11.398281441374023,max_share_ge_80pct,GeoJSON max shape share in CBD >= 80%,0.0
90036,Orange County Transportation Authority,"Los Angeles--Long Beach--Anaheim, CA",24057196.0,11.532211846522939,max_share_ge_80pct,GeoJSON max shape share in CBD >= 80%,0.0
50008,Milwaukee County,"Milwaukee, WI",23263737.0,12.564448236536224,max_share_ge_80pct,GeoJSON max shape share in CBD >= 80%,0.0
90014,Alameda-Contra Costa Transit District,"San Francisco--Oakland, CA",24848623.0,9.984272496038399,max_share_ge_80pct,GeoJSON max shape share in CBD >= 80%,0.0
50015,The Greater Cleveland Regional Transit Authority,"Cleveland, OH",19476898.0,12.302248147160721,max_share_ge_80pct,GeoJSON max shape share in CBD >= 80%,0.0
70006,Bi-State Development Agency of the Missouri-Illinois Metropolitan District,"St. Louis, MO--IL",17600213.0,13.64626142940746,max_share_ge_80pct,GeoJSON max shape share in CBD >= 80%,0.0
90146,Foothill Transit,"Los Angeles--Long Beach--Anaheim, CA",16553173.0,13.910516553865463,max_share_ge_80pct,GeoJSON max shape share in CBD >= 80%,0.0
